study_purpose;purpose_correct;worker_id
If we missed the companionship of the AI;0;EE9A530FB95543C0B43361F42D976E52
Companionship after interacting with AI;0;A9F1D0E808BB4F6A92EAD049D747F203
Based on the previous questions, I think this study is testing whether or not people feel as if the AI was a real companion and how comfortable they are after talking with the model.;0;2D4D3727985849A08D4FEC6921CA141E
I am not sure - maybe feelings of isolation after using AI?;1;A1908E18814D4E379F594F0F1CB54E2D
I am not sure but maybe how comfortable you feel talking to AI and if they can be a companion;0;AAE634D3FD574480AEE67558B15B45E7
companionship and feelings of loneliness or uncomforted after talking to a chatbot freely about anything we want to ;1;D86E88ED1EF24EDC822E1B8898AECBCE
How a friendly or unfriendly chat bot affects people's mood.;0;CA3E1C652119487A951243B36BFA3BB7
Something about whether journalling -- focusing on the self -- can lead to feelings of discomfort or isolation. ;1;2F31664325254588887AF4103F63F998
How you feel after interacting with an AI chatbot - whether it makes you feel isolated and alone;1;D3AA38AA270744A19B9C42B79F5315F5
Companion with ai;0;FC9A194C14F4408E8DF137D78F5B8690
Whether journaling makes you feel less lonely;1;819796099EA843AF904ADB0A8D0A5445
How people interact with chat bots feel about loneliness?;1;2D1C88F21D484282A5EBAB52240199DD
If journaling makes me feel lonely.;1;F115B18C83F943619BCA98E09F81C2CE
If people feel companionship when talking to an AI chatbox.;1;25F71B7E7775470FB337FF448B9AC304
I think this study was testing how people feel after interacting with a chatbot. I know sometimes people can get so into chatting with a bot that they begin to feel like they are chatting with a real person and when that chat is over, they somehow feel lonely or alone or sad. I think that's what this study was looking to find out after interacting with a chatbot for 15 minutes....basically how one feels afterwards.;1;AEA8B38A225F4B4488C33511D7D37385
Whether chat bots/AI can help someone feel less lonely & isolated;1;B9476F77478D43C983BC5A8C4AAD4A50
How lonely someone feels after 15 minutes of chatbot interactions.;1;1FFB23AE3E9E448BA3541156B9CA7145
feelings of companionship with AI Chatbot;1;682FBF75AF50467AA36F2BB8BDDBECA0
Perhaps the study is trying to draw correlations between feels of isolation and willingness to open up to and interact with AI?;0;B0437744783E45269BDD2017E970FEE9
How a person feels with basic and robotic companionship and if it affects the person;0;2C0773FD6222497E97C090C9D991B4BB
Companionship?;1;A37D6C13BEC34DB69E7F039AEE2FE2D4
If talking with a chatbot makes us feel lonely?;1;C809D394C2CD4B3296F6F24D523DE626
Testing whether an inanimate chatbot could provide companionship;1;953F0E88A63E4974A796294BE1B9228C
If people feel lonely and sad because they aren't interacting one a deep level with someone else.;0;D726D5F1EBAA4910ACE18B49ECCD8D8E
If people feel less lonely or something after chatting with AI.;1;8629D06659DE40C28BECB6CC28781A86
if talking to a chatbot makes people feel less lonely;1;BFB656BA74E64A4C8C0A117AD8900E19
how interacting with a chatbot impacts loneliness;1;A699A5BD5CAF498BB628DCFC0E454DED
To have companionship ;0;015120B1A5284663B1A42ED4A080F33C
If I had to make a wish, I wish this study was created by a very lonely person just like me and are looking for companionship without irl interaction. ;0;7888A2429F784143A381F03582A8DC5E
how chatbots help people feel companionship;1;6EDE52107D6749A480FEBCA166F8AD08
Comfort and seeking companionship with a chat bot;1;803A8445472145DBBB9C0F01E53CDF51
I think the study was testing if interacting with AI made us feel comfortable in our environments because we had the companionship.;0;C2BC227785584B28A2C0402968CAA8D5
To see how people will feel if they had an AI companion to chat with;0;5BE2FD19A74B4FC5A58F81F792B31130
Something to do with chatbots and companionship, perhaps.;1;5FFB8757456B4C0BA2615EBF53D6BB32
Human perception of artificial companionship;1;E723BF4D31824AF49CB9993CDC90FE2C
The effect of using a chatbot on one's loneliness and comfort.;1;668703D4C675497BA09AE5588BDC518B
The study was probably testing whether talking to an AI bot would make someone feel less lonely.;1;CAC3512DAE0E4BC9996489CF3D234A29
how well the AI bot can provide companionship;1;1E9F2DF0EAC14FE5ACF9DC801B872A3F
The difference in feelings some experience either after journaling for themselves or talking to a chatbot that is programmed to be a friend to talk to ;0;51DA8E3B21E4400596089FC36D816552
Gauging people's connection with a digital companion;0;A692729E73D24CA1921D9B6064D17C62
Thoughts of loneliness after talking to a chatbot;1;9BA81D85AA1E413391AFA74A501188AF
I thought maybe it was testing a new companionship app;0;1ADAE8869EA64F7BA73F4F1F9E972F93
How people feel after chatting with an AI not, such as whether AI provides companionship ;1;0447F50E47274DDC9E567C67F81BA6ED
If journaling for 15 minutes exacerbated any feelings of loneliness or isolation? I’m not sure, but that’s my guess. .;1;F6F1AECA23A04413AAAB42080D846544
i guess if the AI felt real and was enjoyable , did it feel like a friend;0;DDF173F493F84AE09EAA9EBB07578542
I’m not sure. Peoples mental state or loneliness levels or how open they get with AO;1;B1DF35F157654D8FBB4E437ABF5563EA
Testing AIs that are friendly and easy to converse with.;0;F7945E36A9B14A9397CCE64D22A9E450
how an interaction with AI impacts feelings of companionship and loneliness.;1;F2943C549B9E465D8EDD0686618FA830
Participants perception of companionship after a discussion with an AI chatbot;1;9A86A88B229145CA9943EAA00F48703F
Whether or not having a social conversation with a trained chatbot would result in feelings of comfort regarding companionship and how that might impact the perception of one's environment... That or if there is a correlation between how a person perceives their physical surroundings and whether or not that impacts the companion feelings generated by the interaction.;0;5356BA5B729E46D79F83ADD4A58B064C
A primitive chatbot's impact on the feeling of human isolation.;1;838D48DD6BD44E618C390E2C033F495F
Whether AI can provide comfort or increase isolation ;1;5527199B76D945A7A40424CED3F3A484
if people get lonely talking to a chatbot;1;C488CAC2427B4500B5C32522A8EDBB56
whether AI can serve as companionship;1;1510AEE74370491D94A79DB96D23E1DB
Conversations with an AI, to see how realistic it could be and act as a companion;1;C5776269B621449CBE2362CB2C32EC97
Maybe something with my loneliness levels before and after talking to a chatbot;1;411292E2C1024DF9A5882CC3524DD73A
companionship with ai chotbots;0;B4CA37CBB0D742CF94804937CBBB1AE2
I think the study was looking at whether I would feel lonely after chatting with a ChatBot.;1;92C38817AF7E4D61A934333856DC19C0
can ai communication yield isolation;1;9F739CC6515B4361809595367FBBF73D
How being alone with your thoughts affects you;0;267881BB2CF847858770D57AA3F840D3
Interacting with chat boxes to reduce stress and feel less lonely;1;BABBDC50E86B4AE69DE0C77265C70B7A
if our lonely and depressed society feels better after talking with a computer and making them feel like they have companionship;1;8C4A591FF0B947A5A657395BEC73FAD7
I'm not sure but I felt like I was talking to a good friend.;0;9777F5E6D87C48A6A97B04780A49FA49
The ways that AI are able to carry on conversations while feeling like a companion and not a bot. ;0;3740C6D97D4A4E0F86D301E62342A86E
Just to see how chatting with an AI chatbot affects a person's companionship and how they feel in their environment. Can you use AI chatbots to help those who are otherwise isolated from their peers.;1;38D67A1E5B424E74B8195E66C4B941E9
How lonely I am and how am I coping with it;0;17396E5B849149F69A7A7F00A494C443
How different outside factors impact someone's ability to write for fifteen minutes. Also if introspective writing causes isolation.;1;5A5A1F9BFDE34A01A990672A21B3129F
Whether I was able to feel companionship from chatting with AI instead of a real person.;1;6D44100CB7894EF0B895B6B190EC3E80
To see how I feel by being alone and thinking about myself.;1;1A9495ED218043BDADCB453C68DB92D8
Whether or not lonely people talking to an AI feel better afterward. (If that's true, the answer is no. It mostly felt awkward.);1;3592C8A8034F47379185656BB50D8848
It was testing how interaction with AI Chatbot impacts one's feelings of loneliness, isolation, and social well-being.;1;7A2FD3C07D83434E8933F2F44369452E
what people say to AI like if they want friends or need companionship;0;15083B5380F4477BB157A0798F971C5C
Probably isolation ;1;96C8CC923276412B929124B7FF766F7B